Metric,Value
CSV File Size (MB),2.8860435485839844
Parquet File Size (MB),1.1369781494140625
Compression Ratio,2.5383456578046784
Space Saved (%),60.604262192373625
CSV Read Time (sec),0.03914189338684082
Parquet Read Time (sec),0.037992000579833984
Speed Improvement (x),1.0302667085032946
