Metric,Value
CSV File Size (MB),2.8860435485839844
Parquet File Size (MB),1.1369781494140625
Compression Ratio,2.5383456578046784
Space Saved (%),60.604262192373625
CSV Read Time (sec),0.035566091537475586
Parquet Read Time (sec),0.03312516212463379
Speed Improvement (x),1.0736880744510102
